ID,nr,datum,schlag,objekt,objnr,beschrei,zustand,bild,bemerkun,handlung,x,y,position,gpstime,ggatime,time,kunde,bearbeit,lage,da,dks,sam,sau,geom,proc
"20001317","20001317",09.02.,,Sonstiger Punkt,"1",S42,,,,,,,"{""mode"":2,""speedKn"":""0.021"",""pdop"":""0.82"",""ght"":""43.580"",""satView"":""02"",""vdop"":""0.96"",""lon"":""13.8872022"",""oht"":""120.543"",""systime"":1675933737725,""time"":1675930137000,""hdop"":""0.50"",""lat"":""51.0035381"",""aux"":{""source"":0,""ght"":""43.580"",""eht"":""120.54343.580"",","1675930137000","1675930137000","1675933747.923917",,,,,,,,,$Format:%H$:newRecord
"20001318","20001318",09.02.,,Sonstiger Punkt,"2",N42,,,,,,,"{""mode"":2,""speedKn"":""0.009"",""pdop"":""0.83"",""ght"":""43.579"",""satView"":""03"",""vdop"":""0.97"",""lon"":""13.8878505"",""oht"":""121.333"",""systime"":1675934119416,""time"":1675930518000,""hdop"":""0.50"",""lat"":""51.0040250"",""aux"":{""source"":0,""ght"":""43.579"",""eht"":""121.33343.579"",","1675930518000","1675930518000","1675934122.789893",,,,,,,,,$Format:%H$:newRecord
"20001319","20001319",09.02.,,Sonstiger Punkt,"3",S40,,,,,,,"{""mode"":2,""speedKn"":""0.040"",""pdop"":""0.83"",""ght"":""43.580"",""satView"":""02"",""vdop"":""0.97"",""lon"":""13.8872672"",""oht"":""120.879"",""systime"":1675933811626,""time"":1675930211000,""hdop"":""0.50"",""lat"":""51.0034994"",""aux"":{""source"":0,""ght"":""43.580"",""eht"":""120.87943.580"",","1675930211000","1675930211000","1675933817.053954",,,,,,,,,$Format:%H$:newRecord
"20001320","20001320",09.02.,,Sonstiger Punkt,"4",S39,,,,,,,"{""mode"":2,""speedKn"":""0.069"",""pdop"":""0.83"",""ght"":""43.580"",""satView"":""03"",""vdop"":""0.97"",""lon"":""13.8873051"",""oht"":""120.858"",""systime"":1675933860504,""time"":1675930259000,""hdop"":""0.50"",""lat"":""51.0034813"",""aux"":{""source"":0,""ght"":""43.580"",""eht"":""120.85843.580"",","1675930259000","1675930259000","1675933865.616239",,,,,,,,,$Format:%H$:newRecord
"20001321","20001321",09.02.,,Sonstiger Punkt,"5",S38,,,,,,,"{""mode"":2,""speedKn"":""0.031"",""pdop"":""0.83"",""ght"":""43.580"",""satView"":""03"",""vdop"":""0.97"",""lon"":""13.8873392"",""oht"":""121.016"",""systime"":1675933887304,""time"":1675930286000,""hdop"":""0.50"",""lat"":""51.0034620"",""aux"":{""source"":0,""ght"":""43.580"",""eht"":""121.01643.580"",","1675930286000","1675930286000","1675933892.93813",,,,,,,,,$Format:%H$:newRecord
"20001322","20001322",09.02.,,Sonstiger Punkt,"6",S37,,,,,,,"{""mode"":2,""speedKn"":""0.004"",""pdop"":""0.83"",""ght"":""43.580"",""satView"":""03"",""vdop"":""0.97"",""lon"":""13.8873736"",""oht"":""121.667"",""systime"":1675933919917,""time"":1675930319000,""hdop"":""0.50"",""lat"":""51.0034435"",""aux"":{""source"":0,""ght"":""43.580"",""eht"":""121.66743.580"",","1675930319000","1675930319000","1675933925.030681",,,,,,,,,$Format:%H$:newRecord
"20001323","20001323",09.02.,,Sonstiger Punkt,"7",S36,,,,,,,"{""mode"":2,""speedKn"":""0.005"",""pdop"":""0.83"",""ght"":""43.580"",""satView"":""03"",""vdop"":""0.97"",""lon"":""13.8874083"",""oht"":""121.074"",""systime"":1675933942798,""time"":1675930342000,""hdop"":""0.50"",""lat"":""51.0034284"",""aux"":{""source"":0,""ght"":""43.580"",""eht"":""121.07443.580"",","1675930342000","1675930342000","1675933947.764951",,,,,,,,,$Format:%H$:newRecord
"20001324","20001324",09.02.,,Sonstiger Punkt,"8",N41,,,,,,,"{""mode"":2,""speedKn"":""0.015"",""pdop"":""0.83"",""ght"":""43.579"",""satView"":""03"",""vdop"":""0.97"",""lon"":""13.8878820"",""oht"":""121.069"",""systime"":1675934174589,""time"":1675930574000,""hdop"":""0.50"",""lat"":""51.0040083"",""aux"":{""source"":0,""ght"":""43.579"",""eht"":""121.06943.579"",","1675930574000","1675930574000","1675934180.319713",,,,,,,,,$Format:%H$:newRecord
"20001325","20001325",09.02.,,Sonstiger Punkt,"9",N40,,,,,,,"{""mode"":2,""speedKn"":""0.028"",""pdop"":""0.83"",""ght"":""43.579"",""satView"":""03"",""vdop"":""0.97"",""lon"":""13.8879165"",""oht"":""120.480"",""systime"":1675934201596,""time"":1675930601000,""hdop"":""0.50"",""lat"":""51.0039891"",""aux"":{""source"":0,""ght"":""43.579"",""eht"":""120.48043.579"",","1675930601000","1675930601000","1675934206.900604",,,,,,,,,$Format:%H$:newRecord
"20001326","20001326",09.02.,,Sonstiger Punkt,"10",N39,,,,,,,"{""mode"":2,""speedKn"":""0.013"",""pdop"":""0.85"",""ght"":""43.579"",""satView"":""03"",""vdop"":""0.99"",""lon"":""13.8879516"",""oht"":""120.487"",""systime"":1675934226861,""time"":1675930626000,""hdop"":""0.50"",""lat"":""51.0039717"",""aux"":{""source"":0,""ght"":""43.579"",""eht"":""120.48743.579"",","1675930626000","1675930626000","1675934237.54412",,,,,,,,,$Format:%H$:newRecord
"20001327","20001327",09.02.,,Sonstiger Punkt,"11",N38,,,,,,,"{""mode"":2,""speedKn"":""0.009"",""pdop"":""0.85"",""ght"":""43.579"",""satView"":""03"",""vdop"":""0.99"",""lon"":""13.8879884"",""oht"":""120.799"",""systime"":1675934261712,""time"":1675930661000,""hdop"":""0.50"",""lat"":""51.0039548"",""aux"":{""source"":0,""ght"":""43.579"",""eht"":""120.79943.579"",","1675930661000","1675930661000","1675934266.819462",,,,,,,,,$Format:%H$:newRecord
"20001328","20001328",09.02.,,Sonstiger Punkt,"12",N37,,,,,,,"{""mode"":2,""speedKn"":""0.011"",""pdop"":""0.88"",""ght"":""43.579"",""satView"":""03"",""vdop"":""1.02"",""lon"":""13.8880217"",""oht"":""120.639"",""systime"":1675934283934,""time"":1675930683000,""hdop"":""0.51"",""lat"":""51.0039370"",""aux"":{""source"":0,""ght"":""43.579"",""eht"":""120.63943.579"",","1675930683000","1675930683000","1675934289.440565",,,,,,,,,$Format:%H$:newRecord
"20001329","20001329",09.02.,,Sonstiger Punkt,"13",N36,,,,,,,"{""mode"":2,""speedKn"":""0.034"",""pdop"":""0.88"",""ght"":""43.579"",""satView"":""03"",""vdop"":""1.02"",""lon"":""13.8880571"",""oht"":""120.405"",""systime"":1675934313370,""time"":1675930712000,""hdop"":""0.51"",""lat"":""51.0039165"",""aux"":{""source"":0,""ght"":""43.579"",""eht"":""120.40543.579"",","1675930712000","1675930712000","1675934318.639111",,,,,,,,,$Format:%H$:newRecord
"20001330","20001330",09.02.,,Sonstiger Punkt,"14",S41,,,,,,,"{""mode"":2,""speedKn"":""0.004"",""pdop"":""0.88"",""ght"":""43.580"",""satView"":""05"",""vdop"":""1.02"",""lon"":""13.8872333"",""oht"":""120.853"",""systime"":1675934410203,""time"":1675930809000,""hdop"":""0.51"",""lat"":""51.0035206"",""aux"":{""source"":0,""ght"":""43.580"",""eht"":""120.85343.580"",","1675930809000","1675930809000","1675934415.694269",,,,,,,,,$Format:%H$:newRecord
"20001331","20001331",09.02.,,Sonstiger Punkt,"15",Zf1,,,,,,,"{""mode"":2,""speedKn"":""0.039"",""pdop"":""0.80"",""ght"":""43.580"",""satView"":""05"",""vdop"":""0.94"",""lon"":""13.8871465"",""oht"":""121.257"",""systime"":1675934847145,""time"":1675931246000,""hdop"":""0.49"",""lat"":""51.0035025"",""aux"":{""source"":0,""ght"":""43.580"",""eht"":""121.25743.580"",","1675931246000","1675931246000","1675934852.23538",,,,,,,,,$Format:%H$:newRecord
"20001332","20001332",09.02.,,Sonstiger Punkt,"16",Zf2,,,,,,,"{""mode"":2,""speedKn"":""0.024"",""pdop"":""0.80"",""ght"":""43.580"",""satView"":""05"",""vdop"":""0.94"",""lon"":""13.8868557"",""oht"":""120.290"",""systime"":1675934884641,""time"":1675931284000,""hdop"":""0.49"",""lat"":""51.0036472"",""aux"":{""source"":0,""ght"":""43.580"",""eht"":""120.29043.580"",","1675931284000","1675931284000","1675934889.742094",,,,,,,,,$Format:%H$:newRecord
"20001333","20001333",09.02.,,Sonstiger Punkt,"17",Zf3,,,,,,,"{""mode"":2,""speedKn"":""0.007"",""pdop"":""0.80"",""ght"":""43.581"",""satView"":""06"",""vdop"":""0.94"",""lon"":""13.8865385"",""oht"":""119.981"",""systime"":1675934926234,""time"":1675931325000,""hdop"":""0.49"",""lat"":""51.0038235"",""aux"":{""source"":0,""ght"":""43.581"",""eht"":""119.98143.581"",","1675931325000","1675931325000","1675934931.137531",,,,,,,,,$Format:%H$:newRecord
"20001334","20001334",09.02.,,Sonstiger Punkt,"18",Zf4,,,,,,,"{""mode"":2,""speedKn"":""0.005"",""pdop"":""0.80"",""ght"":""43.581"",""satView"":""06"",""vdop"":""0.94"",""lon"":""13.8864663"",""oht"":""120.777"",""systime"":1675934977091,""time"":1675931376000,""hdop"":""0.49"",""lat"":""51.0038182"",""aux"":{""source"":0,""ght"":""43.581"",""eht"":""120.77743.581"",","1675931376000","1675931376000","1675934982.037556",,,,,,,,,$Format:%H$:newRecord
"20001335","20001335",09.02.,,Sonstiger Punkt,"19",Zf5,,,,,,,"{""mode"":2,""speedKn"":""0.081"",""pdop"":""0.80"",""ght"":""43.581"",""satView"":""05"",""vdop"":""0.94"",""lon"":""13.8863985"",""oht"":""120.612"",""systime"":1675934998256,""time"":1675931397000,""hdop"":""0.49"",""lat"":""51.0037660"",""aux"":{""source"":0,""ght"":""43.581"",""eht"":""120.61243.581"",","1675931397000","1675931397000","1675935003.213194",,,,,,,,,$Format:%H$:newRecord
"20001336","20001336",09.02.,,Sonstiger Punkt,"20",Zf6,,,,,,,"{""mode"":2,""speedKn"":""0.009"",""pdop"":""0.76"",""ght"":""43.582"",""satView"":""04"",""vdop"":""0.90"",""lon"":""13.8857231"",""oht"":""120.271"",""systime"":1675935039473,""time"":1675931438000,""hdop"":""0.48"",""lat"":""51.0032617"",""aux"":{""source"":0,""ght"":""43.582"",""eht"":""120.27143.582"",","1675931438000","1675931438000","1675935044.438248",,,,,,,,,$Format:%H$:newRecord
"20001337","20001337",09.02.,,Sonstiger Punkt,"21",Zf7,,,,,,,"{""mode"":2,""speedKn"":""0.069"",""pdop"":""0.76"",""ght"":""43.582"",""satView"":""04"",""vdop"":""0.90"",""lon"":""13.8856465"",""oht"":""120.503"",""systime"":1675935065527,""time"":1675931465000,""hdop"":""0.48"",""lat"":""51.0032413"",""aux"":{""source"":0,""ght"":""43.582"",""eht"":""120.50343.582"",","1675931465000","1675931465000","1675935070.665175",,,,,,,,,$Format:%H$:newRecord
"20001338","20001338",09.02.,,Sonstiger Punkt,"22",Zf8,,,,,,,"{""mode"":2,""speedKn"":""0.032"",""pdop"":""0.76"",""ght"":""43.582"",""satView"":""04"",""vdop"":""0.90"",""lon"":""13.8855832"",""oht"":""120.239"",""systime"":1675935094226,""time"":1675931493000,""hdop"":""0.48"",""lat"":""51.0032484"",""aux"":{""source"":0,""ght"":""43.582"",""eht"":""120.23943.582"",","1675931493000","1675931493000","1675935099.053688",,,,,,,,,$Format:%H$:newRecord
"20001339","20001339",09.02.,,Sonstiger Punkt,"23",Zf9,,,,,,,"{""mode"":2,""speedKn"":""0.043"",""pdop"":""0.80"",""ght"":""43.582"",""satView"":""04"",""vdop"":""0.95"",""lon"":""13.8853382"",""oht"":""120.113"",""systime"":1675935134606,""time"":1675931534000,""hdop"":""0.50"",""lat"":""51.0033746"",""aux"":{""source"":0,""ght"":""43.582"",""eht"":""120.11343.582"",","1675931534000","1675931534000","1675935139.529548",,,,,,,,,$Format:%H$:newRecord
"20001340","20001340",09.02.,,Sonstiger Punkt,"24",Zf10,,,,,,,"{""mode"":2,""speedKn"":""0.039"",""pdop"":""0.81"",""ght"":""43.582"",""satView"":""04"",""vdop"":""0.95"",""lon"":""13.8850633"",""oht"":""120.054"",""systime"":1675935171396,""time"":1675931570000,""hdop"":""0.50"",""lat"":""51.0035097"",""aux"":{""source"":0,""ght"":""43.582"",""eht"":""120.05443.582"",","1675931570000","1675931570000","1675935176.419006",,,,,,,,,$Format:%H$:newRecord
"20001341","20001341",09.02.,,Sonstiger Punkt,"25",Zf11,,,,,,,"{""mode"":2,""speedKn"":""0.030"",""pdop"":""0.81"",""ght"":""43.582"",""satView"":""04"",""vdop"":""0.95"",""lon"":""13.8847326"",""oht"":""120.066"",""systime"":1675935209305,""time"":1675931608000,""hdop"":""0.50"",""lat"":""51.0036718"",""aux"":{""source"":0,""ght"":""43.582"",""eht"":""120.06643.582"",","1675931608000","1675931608000","1675935214.187863",,,,,,,,,$Format:%H$:newRecord
"20001342","20001342",09.02.,,Sonstiger Punkt,"26",Zf12,,,,,,,"{""mode"":2,""speedKn"":""0.049"",""pdop"":""0.81"",""ght"":""43.582"",""satView"":""04"",""vdop"":""0.95"",""lon"":""13.8846657"",""oht"":""119.921"",""systime"":1675935262867,""time"":1675931662000,""hdop"":""0.50"",""lat"":""51.0037032"",""aux"":{""source"":0,""ght"":""43.582"",""eht"":""119.92143.582"",","1675931662000","1675931662000","1675935268.053488",,,,,,,,,$Format:%H$:newRecord
"20001344","20001344",09.02.,,Sonstiger Punkt,"28",Obstacle,,,,,,,"{""mode"":2,""speedKn"":""0.051"",""pdop"":""0.81"",""ght"":""43.582"",""satView"":""04"",""vdop"":""0.95"",""lon"":""13.8846797"",""oht"":""120.285"",""systime"":1675935479241,""time"":1675931878000,""hdop"":""0.50"",""lat"":""51.0036594"",""aux"":{""source"":0,""ght"":""43.582"",""eht"":""120.28543.582"",","1675931878000","1675931878000","1675935484.148016",,,,,,,,,$Format:%H$:newRecord
"20001345","20001345",09.02.,,Sonstiger Punkt,"29",Obstacle,,,,,,,"{""mode"":2,""speedKn"":""0.005"",""pdop"":""0.81"",""ght"":""43.582"",""satView"":""04"",""vdop"":""0.95"",""lon"":""13.8850345"",""oht"":""120.453"",""systime"":1675935550225,""time"":1675931949000,""hdop"":""0.50"",""lat"":""51.0034923"",""aux"":{""source"":0,""ght"":""43.582"",""eht"":""120.45343.582"",","1675931949000","1675931949000","1675935555.120537",,,,,,,,,$Format:%H$:newRecord
"20001346","20001346",09.02.,,Sonstiger Punkt,"30",Obstacle,,,,,,,"{""mode"":2,""speedKn"":""0.091"",""pdop"":""0.81"",""ght"":""43.582"",""satView"":""04"",""vdop"":""0.95"",""lon"":""13.8854420"",""oht"":""119.490"",""systime"":1675935583781,""time"":1675931983000,""hdop"":""0.50"",""lat"":""51.0032852"",""aux"":{""source"":0,""ght"":""43.582"",""eht"":""119.49043.582"",","1675931983000","1675931983000","1675935588.590622",,,,,,,,,$Format:%H$:newRecord
"20001347","20001347",09.02.,,Sonstiger Punkt,"31",Obstacle,,,,,,,"{""mode"":2,""speedKn"":""0.062"",""pdop"":""0.81"",""ght"":""43.581"",""satView"":""05"",""vdop"":""0.95"",""lon"":""13.8862111"",""oht"":""119.857"",""systime"":1675935639711,""time"":1675932039000,""hdop"":""0.50"",""lat"":""51.0036523"",""aux"":{""source"":0,""ght"":""43.581"",""eht"":""119.85743.581"",","1675932039000","1675932039000","1675935644.712448",,,,,,,,,$Format:%H$:newRecord
"20001348","20001348",09.02.,,Sonstiger Punkt,"32",Obstacle,,,,,,,"{""mode"":2,""speedKn"":""0.100"",""pdop"":""0.81"",""ght"":""43.582"",""satView"":""04"",""vdop"":""0.95"",""lon"":""13.8856738"",""oht"":""119.066"",""systime"":1675935705271,""time"":1675932104000,""hdop"":""0.50"",""lat"":""51.0031750"",""aux"":{""source"":0,""ght"":""43.582"",""eht"":""119.06643.582"",","1675932104000","1675932104000","1675935710.262853",,,,,,,,,$Format:%H$:newRecord
"20001349","20001349",09.02.,,Sonstiger Punkt,"33",Obstacle,,,,,,,"{""mode"":2,""speedKn"":""0.157"",""pdop"":""0.81"",""ght"":""43.582"",""satView"":""04"",""vdop"":""0.95"",""lon"":""13.8856924"",""oht"":""119.126"",""systime"":1675935717493,""time"":1675932116000,""hdop"":""0.50"",""lat"":""51.0031660"",""aux"":{""source"":0,""ght"":""43.582"",""eht"":""119.12643.582"",","1675932116000","1675932116000","1675935722.338129",,,,,,,,,$Format:%H$:newRecord
"20001350","20001350",09.02.,,Sonstiger Punkt,"34",Obstacle,,,,,,,"{""mode"":2,""speedKn"":""0.099"",""pdop"":""0.78"",""ght"":""43.582"",""satView"":""04"",""vdop"":""0.92"",""lon"":""13.8857997"",""oht"":""119.197"",""systime"":1675935735307,""time"":1675932134000,""hdop"":""0.48"",""lat"":""51.0031076"",""aux"":{""source"":0,""ght"":""43.582"",""eht"":""119.19743.582"",","1675932134000","1675932134000","1675935740.270893",,,,,,,,,$Format:%H$:newRecord
"20001351","20001351",09.02.,,Sonstiger Punkt,"35",Obstacle,,,,,,,"{""mode"":2,""speedKn"":""0.071"",""pdop"":""0.78"",""ght"":""43.582"",""satView"":""04"",""vdop"":""0.92"",""lon"":""13.8859059"",""oht"":""119.954"",""systime"":1675935749802,""time"":1675932149000,""hdop"":""0.48"",""lat"":""51.0030594"",""aux"":{""source"":0,""ght"":""43.582"",""eht"":""119.95443.582"",","1675932149000","1675932149000","1675935755.209408",,,,,,,,,$Format:%H$:newRecord
"20001352","20001352",09.02.,,Sonstiger Punkt,"36",ZfB1,,,,,,,"{""mode"":2,""speedKn"":""0.041"",""pdop"":""0.78"",""ght"":""43.582"",""satView"":""04"",""vdop"":""0.92"",""lon"":""13.8857356"",""oht"":""119.734"",""systime"":1675935816332,""time"":1675932215000,""hdop"":""0.48"",""lat"":""51.0031782"",""aux"":{""source"":0,""ght"":""43.582"",""eht"":""119.73443.582"",","1675932215000","1675932215000","1675935821.376768",,,,,,,,,$Format:%H$:newRecord
"20001353","20001353",09.02.,,Sonstiger Punkt,"37",ZfB2,,,,,,,"{""mode"":2,""speedKn"":""0.029"",""pdop"":""0.78"",""ght"":""43.582"",""satView"":""04"",""vdop"":""0.92"",""lon"":""13.8860437"",""oht"":""119.828"",""systime"":1675935871819,""time"":1675932271000,""hdop"":""0.48"",""lat"":""51.0030418"",""aux"":{""source"":0,""ght"":""43.582"",""eht"":""119.82843.582"",","1675932271000","1675932271000","1675935876.656841",,,,,,,,,$Format:%H$:newRecord
"20001354","20001354",09.02.,,Sonstiger Punkt,"38",ZfB3,,,,,,,"{""mode"":2,""speedKn"":""0.144"",""pdop"":""0.78"",""ght"":""43.582"",""satView"":""04"",""vdop"":""0.92"",""lon"":""13.8862077"",""oht"":""120.229"",""systime"":1675935894147,""time"":1675932293000,""hdop"":""0.48"",""lat"":""51.0029640"",""aux"":{""source"":0,""ght"":""43.582"",""eht"":""120.22943.582"",","1675932293000","1675932293000","1675935898.957704",,,,,,,,,$Format:%H$:newRecord
"20001355","20001355",09.02.,,Sonstiger Punkt,"39",ZfB4,,,,,,,"{""mode"":2,""speedKn"":""0.040"",""pdop"":""0.82"",""ght"":""43.582"",""satView"":""04"",""vdop"":""0.96"",""lon"":""13.8863911"",""oht"":""120.320"",""systime"":1675935925225,""time"":1675932324000,""hdop"":""0.50"",""lat"":""51.0028663"",""aux"":{""source"":0,""ght"":""43.582"",""eht"":""120.32043.582"",","1675932324000","1675932324000","1675935930.130719",,,,,,,,,$Format:%H$:newRecord
"20001356","20001356",09.02.,,Sonstiger Punkt,"40",ZfB5,,,,,,,"{""mode"":2,""speedKn"":""0.125"",""pdop"":""0.82"",""ght"":""43.582"",""satView"":""04"",""vdop"":""0.96"",""lon"":""13.8870689"",""oht"":""119.792"",""systime"":1675935991866,""time"":1675932391000,""hdop"":""0.50"",""lat"":""51.0024997"",""aux"":{""source"":0,""ght"":""43.582"",""eht"":""119.79243.582"",","1675932391000","1675932391000","1675935996.934543",,,,,,,,,$Format:%H$:newRecord
"20001357","20001357",09.02.,,Sonstiger Punkt,"41",ZfB6,,,,,,,"{""mode"":2,""speedKn"":""0.133"",""pdop"":""0.82"",""ght"":""43.582"",""satView"":""04"",""vdop"":""0.96"",""lon"":""13.8877282"",""oht"":""119.950"",""systime"":1675936041401,""time"":1675932440000,""hdop"":""0.50"",""lat"":""51.0021430"",""aux"":{""source"":0,""ght"":""43.582"",""eht"":""119.95043.582"",","1675932440000","1675932440000","1675936046.285059",,,,,,,,,$Format:%H$:newRecord
"20001358","20001358",09.02.,,Sonstiger Punkt,"42",ZfB7,,,,,,,"{""mode"":2,""speedKn"":""0.110"",""pdop"":""0.82"",""ght"":""43.582"",""satView"":""04"",""vdop"":""0.96"",""lon"":""13.8880845"",""oht"":""120.436"",""systime"":1675936088974,""time"":1675932488000,""hdop"":""0.50"",""lat"":""51.0019459"",""aux"":{""source"":0,""ght"":""43.582"",""eht"":""120.43643.582"",","1675932488000","1675932488000","1675936093.944151",,,,,,,,,$Format:%H$:newRecord
"20001359","20001359",09.02.,,Sonstiger Punkt,"43",ZfB8,,,,,,,"{""mode"":2,""speedKn"":""0.013"",""pdop"":""0.82"",""ght"":""43.581"",""satView"":""04"",""vdop"":""0.96"",""lon"":""13.8881270"",""oht"":""120.829"",""systime"":1675936113942,""time"":1675932513000,""hdop"":""0.50"",""lat"":""51.0019466"",""aux"":{""source"":0,""ght"":""43.581"",""eht"":""120.82943.581"",","1675932513000","1675932513000","1675936119.629188",,,,,,,,,$Format:%H$:newRecord
"20001360","20001360",09.02.,,Sonstiger Punkt,"44",ZfB9,,,,,,,"{""mode"":2,""speedKn"":""0.090"",""pdop"":""0.82"",""ght"":""43.581"",""satView"":""04"",""vdop"":""0.96"",""lon"":""13.8881794"",""oht"":""120.598"",""systime"":1675936137076,""time"":1675932536000,""hdop"":""0.50"",""lat"":""51.0019701"",""aux"":{""source"":0,""ght"":""43.581"",""eht"":""120.59843.581"",","1675932536000","1675932536000","1675936141.918245",,,,,,,,,$Format:%H$:newRecord
"20001361","20001361",09.02.,,Sonstiger Punkt,"45",ZfB10,,,,,,,"{""mode"":2,""speedKn"":""0.046"",""pdop"":""0.82"",""ght"":""43.580"",""satView"":""04"",""vdop"":""0.96"",""lon"":""13.8889320"",""oht"":""120.665"",""systime"":1675936212225,""time"":1675932611000,""hdop"":""0.50"",""lat"":""51.0025371"",""aux"":{""source"":0,""ght"":""43.580"",""eht"":""120.66543.580"",","1675932611000","1675932611000","1675936217.555365",,,,,,,,,$Format:%H$:newRecord
"20001362","20001362",09.02.,,Sonstiger Punkt,"46",ZfB11,,,,,,,"{""mode"":2,""speedKn"":""0.063"",""pdop"":""0.87"",""ght"":""43.579"",""satView"":""04"",""vdop"":""1.02"",""lon"":""13.8896680"",""oht"":""120.162"",""systime"":1675936290778,""time"":1675932690000,""hdop"":""0.53"",""lat"":""51.0031073"",""aux"":{""source"":0,""ght"":""43.579"",""eht"":""120.16243.579"",","1675932690000","1675932690000","1675936295.667766",,,,,,,,,$Format:%H$:newRecord
"20001363","20001363",09.02.,,Sonstiger Punkt,"47",ZfB12,,,,,,,"{""mode"":4,""speedKn"":""0.028"",""pdop"":""1.20"",""ght"":""43.578"",""satView"":""05"",""vdop"":""1.40"",""lon"":""13.8898224"",""oht"":""118.381"",""systime"":1675936359839,""time"":1675932759000,""hdop"":""0.71"",""lat"":""51.0032204"",""aux"":{""source"":0,""ght"":""43.578"",""eht"":""118.38143.578"",","1675932759000","1675932759000","1675936366.725018",,,,,,,,,$Format:%H$:newRecord
"20001364","20001364",09.02.,,Sonstiger Punkt,"48",ZfB13,,,,,,,"{""mode"":4,""speedKn"":""0.023"",""pdop"":""1.20"",""ght"":""43.578"",""satView"":""05"",""vdop"":""1.40"",""lon"":""13.8898863"",""oht"":""118.336"",""systime"":1675936385129,""time"":1675932784000,""hdop"":""0.71"",""lat"":""51.0032436"",""aux"":{""source"":0,""ght"":""43.578"",""eht"":""118.33643.578"",","1675932784000","1675932784000","1675936391.39589",,,,,,,,,$Format:%H$:newRecord
"20001365","20001365",09.02.,,Sonstiger Punkt,"49",ZfB14,,,,,,,"{""mode"":4,""speedKn"":""0.026"",""pdop"":""1.20"",""ght"":""43.578"",""satView"":""05"",""vdop"":""1.40"",""lon"":""13.8899656"",""oht"":""118.494"",""systime"":1675936404119,""time"":1675932803000,""hdop"":""0.71"",""lat"":""51.0032322"",""aux"":{""source"":0,""ght"":""43.578"",""eht"":""118.49443.578"",","1675932803000","1675932803000","1675936409.721716",,,,,,,,,$Format:%H$:newRecord
"20001366","20001366",09.02.,,Sonstiger Punkt,"50",ZfB15,,,,,,,"{""mode"":4,""speedKn"":""0.013"",""pdop"":""1.21"",""ght"":""43.578"",""satView"":""05"",""vdop"":""1.40"",""lon"":""13.8904472"",""oht"":""118.581"",""systime"":1675936450371,""time"":1675932849000,""hdop"":""0.71"",""lat"":""51.0030240"",""aux"":{""source"":0,""ght"":""43.578"",""eht"":""118.58143.578"",","1675932849000","1675932849000","1675936457.766871",,,,,,,,,$Format:%H$:newRecord
"20001367","20001367",09.02.,,Sonstiger Punkt,"51",ZfB16,,,,,,,"{""mode"":4,""speedKn"":""0.037"",""pdop"":""1.21"",""ght"":""43.578"",""satView"":""05"",""vdop"":""1.40"",""lon"":""13.8906284"",""oht"":""118.640"",""systime"":1675936515588,""time"":1675932915000,""hdop"":""0.71"",""lat"":""51.0029351"",""aux"":{""source"":0,""ght"":""43.578"",""eht"":""118.64043.578"",","1675932915000","1675932915000","1675936521.443322",,,,,,,,,$Format:%H$:newRecord
"20001368","20001368",09.02.,,Sonstiger Punkt,"52",ZfB17,,,,,,,"{""mode"":4,""speedKn"":""0.022"",""pdop"":""1.21"",""ght"":""43.578"",""satView"":""05"",""vdop"":""1.40"",""lon"":""13.8908118"",""oht"":""118.480"",""systime"":1675936555905,""time"":1675932955000,""hdop"":""0.71"",""lat"":""51.0028612"",""aux"":{""source"":0,""ght"":""43.578"",""eht"":""118.48043.578"",","1675932955000","1675932955000","1675936561.093761",,,,,,,,,$Format:%H$:newRecord
"20001369","20001369",09.02.,,Sonstiger Punkt,"53",ZfC1,,,,,,,"{""mode"":4,""speedKn"":""0.093"",""pdop"":""1.21"",""ght"":""43.578"",""satView"":""04"",""vdop"":""1.40"",""lon"":""13.8898444"",""oht"":""118.357"",""systime"":1675936794836,""time"":1675933194000,""hdop"":""0.71"",""lat"":""51.0032734"",""aux"":{""source"":0,""ght"":""43.578"",""eht"":""118.35743.578"",","1675933194000","1675933194000","1675936800.086529",,,,,,,,,$Format:%H$:newRecord
"20001370","20001370",09.02.,,Sonstiger Punkt,"54",ZfC2,,,,,,,"{""mode"":4,""speedKn"":""0.276"",""pdop"":""1.21"",""ght"":""43.578"",""satView"":""04"",""vdop"":""1.40"",""lon"":""13.8897864"",""oht"":""118.311"",""systime"":1675936815101,""time"":1675933214000,""hdop"":""0.71"",""lat"":""51.0033066"",""aux"":{""source"":0,""ght"":""43.578"",""eht"":""118.31143.578"",","1675933214000","1675933214000","1675936820.01308",,,,,,,,,$Format:%H$:newRecord
"20001371","20001371",09.02.,,Sonstiger Punkt,"55",ZfC3,,,,,,,"{""mode"":2,""speedKn"":""0.041"",""pdop"":""0.82"",""ght"":""43.578"",""satView"":""04"",""vdop"":""0.96"",""lon"":""13.8892872"",""oht"":""120.753"",""systime"":1675936854134,""time"":1675933253000,""hdop"":""0.49"",""lat"":""51.0035320"",""aux"":{""source"":0,""ght"":""43.578"",""eht"":""120.75343.578"",","1675933253000","1675933253000","1675936861.237884",,,,,,,,,$Format:%H$:newRecord
"20001372","20001372",09.02.,,Sonstiger Punkt,"56",ZfC4,,,,,,,"{""mode"":2,""speedKn"":""0.347"",""pdop"":""0.82"",""ght"":""43.579"",""satView"":""04"",""vdop"":""0.96"",""lon"":""13.8887041"",""oht"":""120.357"",""systime"":1675936903085,""time"":1675933302000,""hdop"":""0.49"",""lat"":""51.0037544"",""aux"":{""source"":0,""ght"":""43.579"",""eht"":""120.35743.579"",","1675933302000","1675933302000","1675936908.890673",,,,,,,,,$Format:%H$:newRecord
"20001373","20001373",09.02.,,Sonstiger Punkt,"57",ZfC5,,,,,,,"{""mode"":2,""speedKn"":""0.059"",""pdop"":""0.86"",""ght"":""43.579"",""satView"":""04"",""vdop"":""1.00"",""lon"":""13.8882398"",""oht"":""120.186"",""systime"":1675936948928,""time"":1675933348000,""hdop"":""0.50"",""lat"":""51.0039838"",""aux"":{""source"":0,""ght"":""43.579"",""eht"":""120.18643.579"",","1675933348000","1675933348000","1675936953.686813",,,,,,,,,$Format:%H$:newRecord
"20001374","20001374",09.02.,,Sonstiger Punkt,"58",ZfC6,,,,,,,"{""mode"":2,""speedKn"":""0.028"",""pdop"":""0.86"",""ght"":""43.579"",""satView"":""04"",""vdop"":""1.00"",""lon"":""13.8881110"",""oht"":""119.963"",""systime"":1675936993598,""time"":1675933393000,""hdop"":""0.50"",""lat"":""51.0039242"",""aux"":{""source"":0,""ght"":""43.579"",""eht"":""119.96343.579"",","1675933393000","1675933393000","1675936998.608747",,,,,,,,,$Format:%H$:newRecord
"20001375","20001375",09.02.,,Sonstiger Punkt,"59",ZfC7,,,,,,,"{""mode"":2,""speedKn"":""0.010"",""pdop"":""0.87"",""ght"":""43.579"",""satView"":""04"",""vdop"":""1.00"",""lon"":""13.8878966"",""oht"":""120.070"",""systime"":1675937032865,""time"":1675933432000,""hdop"":""0.50"",""lat"":""51.0037644"",""aux"":{""source"":0,""ght"":""43.579"",""eht"":""120.07043.579"",","1675933432000","1675933432000","1675937037.813478",,,,,,,,,$Format:%H$:newRecord
"20001376","20001376",09.02.,,Sonstiger Punkt,"60",ZfC8,,,,,,,"{""mode"":2,""speedKn"":""0.173"",""pdop"":""0.87"",""ght"":""43.580"",""satView"":""04"",""vdop"":""1.00"",""lon"":""13.8874275"",""oht"":""119.549"",""systime"":1675937078314,""time"":1675933477000,""hdop"":""0.50"",""lat"":""51.0034147"",""aux"":{""source"":0,""ght"":""43.580"",""eht"":""119.54943.580"",","1675933477000","1675933477000","1675937083.145935",,,,,,,,,$Format:%H$:newRecord
"20001377","20001377",09.02.,,Sonstiger Punkt,"61",ZfC9,,,,,,,"{""mode"":2,""speedKn"":""0.031"",""pdop"":""0.87"",""ght"":""43.580"",""satView"":""04"",""vdop"":""1.00"",""lon"":""13.8873119"",""oht"":""119.929"",""systime"":1675937113582,""time"":1675933512000,""hdop"":""0.50"",""lat"":""51.0034062"",""aux"":{""source"":0,""ght"":""43.580"",""eht"":""119.92943.580"",","1675933512000","1675933512000","1675937119.10005",,,,,,,,,$Format:%H$:newRecord
"20001378","20001378",09.02.,,Sonstiger Punkt,"62",ZfD1,,,,,,,"{""mode"":2,""speedKn"":""0.116"",""pdop"":""0.87"",""ght"":""43.580"",""satView"":""04"",""vdop"":""1.00"",""lon"":""13.8874239"",""oht"":""119.911"",""systime"":1675937162242,""time"":1675933561000,""hdop"":""0.50"",""lat"":""51.0033429"",""aux"":{""source"":0,""ght"":""43.580"",""eht"":""119.91143.580"",","1675933561000","1675933561000","1675937167.227972",,,,,,,,,$Format:%H$:newRecord
"20001379","20001379",09.02.,,Sonstiger Punkt,"63",ZfD2,,,,,,,"{""mode"":2,""speedKn"":""0.005"",""pdop"":""0.87"",""ght"":""43.580"",""satView"":""04"",""vdop"":""1.00"",""lon"":""13.8878611"",""oht"":""120.325"",""systime"":1675937201554,""time"":1675933600000,""hdop"":""0.50"",""lat"":""51.0031034"",""aux"":{""source"":0,""ght"":""43.580"",""eht"":""120.32543.580"",","1675933600000","1675933600000","1675937206.544349",,,,,,,,,$Format:%H$:newRecord
"20001380","20001380",09.02.,,Sonstiger Punkt,"64",ZfD3,,,,,,,"{""mode"":2,""speedKn"":""0.023"",""pdop"":""0.87"",""ght"":""43.580"",""satView"":""04"",""vdop"":""1.00"",""lon"":""13.8882236"",""oht"":""120.368"",""systime"":1675937235731,""time"":1675933635000,""hdop"":""0.50"",""lat"":""51.0029166"",""aux"":{""source"":0,""ght"":""43.580"",""eht"":""120.36843.580"",","1675933635000","1675933635000","1675937240.618908",,,,,,,,,$Format:%H$:newRecord
"20001381","20001381",09.02.,,Sonstiger Punkt,"65",ZfD4,,,,,,,"{""mode"":2,""speedKn"":""0.230"",""pdop"":""0.87"",""ght"":""43.580"",""satView"":""04"",""vdop"":""1.00"",""lon"":""13.8887661"",""oht"":""119.567"",""systime"":1675937281475,""time"":1675933680000,""hdop"":""0.50"",""lat"":""51.0026347"",""aux"":{""source"":0,""ght"":""43.580"",""eht"":""119.56743.580"",","1675933680000","1675933680000","1675937286.49642",,,,,,,,,$Format:%H$:newRecord
"20001382","20001382",09.02.,,Sonstiger Punkt,"66",ZfD5,,,,,,,"{""mode"":2,""speedKn"":""0.032"",""pdop"":""0.87"",""ght"":""43.580"",""satView"":""05"",""vdop"":""1.00"",""lon"":""13.8888331"",""oht"":""119.949"",""systime"":1675937303566,""time"":1675933703000,""hdop"":""0.50"",""lat"":""51.0026300"",""aux"":{""source"":0,""ght"":""43.580"",""eht"":""119.94943.580"",","1675933703000","1675933703000","1675937308.30512",,,,,,,,,$Format:%H$:newRecord
"20001383","20001383",09.02.,,Sonstiger Punkt,"67",ZfD6,,,,,,,"{""mode"":2,""speedKn"":""0.096"",""pdop"":""0.87"",""ght"":""43.580"",""satView"":""05"",""vdop"":""1.00"",""lon"":""13.8889128"",""oht"":""119.876"",""systime"":1675937327623,""time"":1675933727000,""hdop"":""0.50"",""lat"":""51.0026587"",""aux"":{""source"":0,""ght"":""43.580"",""eht"":""119.87643.580"",","1675933727000","1675933727000","1675937332.246003",,,,,,,,,$Format:%H$:newRecord
"20001384","20001384",09.02.,,Sonstiger Punkt,"68",ZfD7,,,,,,,"{""mode"":2,""speedKn"":""0.039"",""pdop"":""0.87"",""ght"":""43.579"",""satView"":""06"",""vdop"":""1.00"",""lon"":""13.8891221"",""oht"":""120.131"",""systime"":1675937356677,""time"":1675933756000,""hdop"":""0.50"",""lat"":""51.0028125"",""aux"":{""source"":0,""ght"":""43.579"",""eht"":""120.13143.579"",","1675933756000","1675933756000","1675937361.848345",,,,,,,,,$Format:%H$:newRecord
"20001385","20001385",09.02.,,Sonstiger Punkt,"69",ZfD8,,,,,,,"{""mode"":2,""speedKn"":""0.048"",""pdop"":""0.87"",""ght"":""43.578"",""satView"":""06"",""vdop"":""1.00"",""lon"":""13.8897393"",""oht"":""119.695"",""systime"":1675937393681,""time"":1675933793000,""hdop"":""0.50"",""lat"":""51.0032720"",""aux"":{""source"":0,""ght"":""43.578"",""eht"":""119.69543.578"",","1675933793000","1675933793000","1675937398.563159",,,,,,,,,$Format:%H$:newRecord
